Question 1,Question 2,Question 3,Question 4,Question 5,Question 6,Question 7,Question 8,Question 9,Question 10,Interest
Mathematics,Sports,Reading,Engineering,Technology,Mathematics,Scientist,Climate Change,Problem-solving,Technology,Engineering
Science,Debate,Writing,Medicine,Environment,Science,Entrepreneur,Equality and Diversity,Leadership,Healthcare,Medicine
Social Studies,Science,Cooking,Business,Health,Languages,Artist,Animal Welfare,Communication,Education,Business
Languages,Coding,Photography,Arts and Humanities,Social Issues,Social Studies,Athlete,Education,Technical,Fashion and Design,Arts and Humanities
Arts,Drama,Gardening,Arts and Humanities,History or Culture,Arts,Political Leader,Healthcare,Creative,Entertainment,Social Studies
Mathematics,Debate,Reading,Engineering,Environment,Mathematics,Entrepreneur,Climate Change,Problem-solving,Technology,Engineering
Science,Sports,Writing,Medicine,Social Issues,Science,Scientist,Equality and Diversity,Leadership,Healthcare,Medicine
Social Studies,Coding,Cooking,Business,Health,Arts,Artist,Animal Welfare,Communication,Education,Business
Languages,Drama,Photography,Arts and Humanities,Environment,Science,Athlete,Equality and Diversity,Technical,Fashion and Design,Arts and Humanities
Arts,Sports,Gardening,Engineering,History or Culture,Social Studies,Political Leader,Climate Change,Problem-solving,Entertainment,Engineering
Mathematics,Debate,Reading,Engineering,Environment,Mathematics,Entrepreneur,Climate Change,Problem-solving,Technology,Engineering
Science,Sports,Writing,Medicine,Social Issues,Science,Scientist,Equality and Diversity,Leadership,Healthcare,Medicine
Social Studies,Coding,Cooking,Business,Health,Arts,Artist,Animal Welfare,Communication,Education,Business
Languages,Drama,Photography,Arts and Humanities,Environment,Science,Athlete,Equality and Diversity,Technical,Fashion and Design,Arts and Humanities
Arts,Sports,Gardening,Engineering,History or Culture,Social Studies,Political Leader,Climate Change,Problem-solving,Entertainment,Engineering
Mathematics,Debate,Reading,Engineering,Environment,Mathematics,Entrepreneur,Climate Change,Problem-solving,Technology,Engineering
Science,Sports,Writing,Medicine,Social Issues,Science,Scientist,Equality and Diversity,Leadership,Healthcare,Medicine
Social Studies,Coding,Cooking,Business,Health,Arts,Artist,Animal Welfare,Communication,Education,Business
Languages,Drama,Photography,Arts and Humanities,Environment,Science,Athlete,Equality and Diversity,Technical,Fashion and Design,Arts and Humanities
Arts,Sports,Gardening,Engineering,History or Culture,Social Studies,Political Leader,Climate Change,Problem-solving,Entertainment,Engineering
Mathematics,Debate,Reading,Engineering,Environment,Mathematics,Entrepreneur,Climate Change,Problem-solving,Technology,Engineering
Science,Sports,Writing,Medicine,Social Issues,Science,Scientist,Equality and Diversity,Leadership,Healthcare,Medicine
Social Studies,Coding,Cooking,Business,Health,Arts,Artist,Animal Welfare,Communication,Education,Business
Languages,Drama,Photography,Arts and Humanities,Environment,Science,Athlete,Equality and Diversity,Technical,Fashion and Design,Arts and Humanities
Arts,Sports,Gardening,Engineering,History or Culture,Social Studies,Political Leader,Climate Change,Problem-solving,Entertainment,Engineering
Mathematics,Debate,Reading,Engineering,Environment,Mathematics,Entrepreneur,Climate Change,Problem-solving,Technology,Engineering
Science,Sports,Writing,Medicine,Social Issues,Science,Scientist,Equality and Diversity,Leadership,Healthcare,Medicine
Social Studies,Coding,Cooking,Business,Health,Arts,Artist,Animal Welfare,Communication,Education,Business
Languages,Drama,Photography,Arts and Humanities,Environment,Science,Athlete,Equality and Diversity,Technical,Fashion and Design,Arts and Humanities
Arts,Sports,Gardening,Engineering,History or Culture,Social Studies,Political Leader,Climate Change,Problem-solving,Entertainment,Engineering
Mathematics,Debate,Reading,Engineering,Environment,Mathematics,Entrepreneur,Climate Change,Problem-solving,Technology,Engineering
Science,Sports,Writing,Medicine,Social Issues,Science,Scientist,Equality and Diversity,Leadership,Healthcare,Medicine
Social Studies,Coding,Cooking,Business,Health,Arts,Artist,Animal Welfare,Communication,Education,Business
Languages,Drama,Photography,Arts and Humanities,Environment,Science,Athlete,Equality and Diversity,Technical,Fashion and Design,Arts and Humanities
Arts,Sports,Gardening,Engineering,History or Culture,Social Studies,Political Leader,Climate Change,Problem-solving,Entertainment,Engineering
Mathematics,Debate,Reading,Engineering,Environment,Mathematics,Entrepreneur,Climate Change,Problem-solving,Technology,Engineering
Science,Sports,Writing,Medicine,Social Issues,Science,Scientist,Equality and Diversity,Leadership,Healthcare,Medicine
Social Studies,Coding,Cooking,Business,Health,Arts,Artist,Animal Welfare,Communication,Education,Business
Languages,Drama,Photography,Arts and Humanities,Environment,Science,Athlete,Equality and Diversity,Technical,Fashion and Design,Arts and Humanities
Arts,Sports,Gardening,Engineering,History or Culture,Social Studies,Political Leader,Climate Change,Problem-solving,Entertainment,Engineering
Mathematics,Reading,Writing,Medicine,Technology,Science,Scientist,Equality and Diversity,Leadership,Healthcare,Medicine
Social Studies,Sports,Cooking,Engineering,Health,Arts,Artist,Animal Welfare,Communication,Education,Business
Languages,Drama,Photography,Arts and Humanities,Environment,Science,Athlete,Education,Technical,Fashion and Design,Arts and Humanities
Arts,Debate,Gardening,Arts and Humanities,History or Culture,Arts,Political Leader,Healthcare,Creative,Entertainment,Social Studies
Science,Debate,Reading,Engineering,Environment,Mathematics,Entrepreneur,Climate Change,Problem-solving,Technology,Engineering
Social Studies,Sports,Writing,Medicine,Social Issues,Science,Scientist,Equality and Diversity,Leadership,Healthcare,Medicine
Languages,Coding,Cooking,Business,Health,Arts,Artist,Animal Welfare,Communication,Education,Business
Languages,Drama,Photography,Arts and Humanities,Environment,Science,Athlete,Equality and Diversity,Technical,Fashion and Design,Arts and Humanities
Arts,Sports,Gardening,Engineering,History or Culture,Social Studies,Political Leader,Climate Change,Problem-solving,Entertainment,Engineering
Mathematics,Debate,Reading,Engineering,Environment,Mathematics,Entrepreneur,Climate Change,Problem-solving,Technology,Engineering
Science,Sports,Writing,Medicine,Social Issues,Science,Scientist,Equality and Diversity,Leadership,Healthcare,Medicine
Social Studies,Coding,Cooking,Business,Health,Arts,Artist,Animal Welfare,Communication,Education,Business
Languages,Drama,Photography,Arts and Humanities,Environment,Science,Athlete,Equality and Diversity,Technical,Fashion and Design,Arts and Humanities
Arts,Sports,Gardening,Engineering,History or Culture,Social Studies,Political Leader,Climate Change,Problem-solving,Entertainment,Engineering
Mathematics,Debate,Reading,Engineering,Environment,Mathematics,Entrepreneur,Climate Change,Problem-solving,Technology,Engineering
Science,Sports,Writing,Medicine,Social Issues,Science,Scientist,Equality and Diversity,Leadership,Healthcare,Medicine
Social Studies,Coding,Cooking,Business,Health,Arts,Artist,Animal Welfare,Communication,Education,Business
Languages,Drama,Photography,Arts and Humanities,Environment,Science,Athlete,Equality and Diversity,Technical,Fashion and Design,Arts and Humanities
Arts,Sports,Gardening,Engineering,History or Culture,Social Studies,Political Leader,Climate Change,Problem-solving,Entertainment,Engineering
Mathematics,Debate,Reading,Engineering,Environment,Mathematics,Entrepreneur,Climate Change,Problem-solving,Technology,Engineering
Science,Sports,Writing,Medicine,Social Issues,Science,Scientist,Equality and Diversity,Leadership,Healthcare,Medicine
Social Studies,Coding,Cooking,Business,Health,Arts,Artist,Animal Welfare,Communication,Education,Business
Languages,Drama,Photography,Arts and Humanities,Environment,Science,Athlete,Equality and Diversity,Technical,Fashion and Design,Arts and Humanities
Arts,Sports,Gardening,Engineering,History or Culture,Social Studies,Political Leader,Climate Change,Problem-solving,Entertainment,Engineering
Mathematics,Debate,Reading,Engineering,Environment,Mathematics,Entrepreneur,Climate Change,Problem-solving,Technology,Engineering
Science,Sports,Writing,Medicine,Social Issues,Science,Scientist,Equality and Diversity,Leadership,Healthcare,Medicine
Social Studies,Coding,Cooking,Business,Health,Arts,Artist,Animal Welfare,Communication,Education,Business
Languages,Drama,Photography,Arts and Humanities,Environment,Science,Athlete,Equality and Diversity,Technical,Fashion and Design,Arts and Humanities
Mathematics,Sports,Reading,Engineering,Technology,Mathematics,Scientist,Climate Change,Problem-solving,Technology,Engineering
Science,Debate,Writing,Medicine,Environment,Science,Entrepreneur,Equality and Diversity,Leadership,Healthcare,Medicine
Social Studies,Science,Cooking,Business,Health,Languages,Artist,Animal Welfare,Communication,Education,Business
Languages,Coding,Photography,Arts and Humanities,Social Issues,Social Studies,Athlete,Education,Technical,Fashion and Design,Arts and Humanities
Arts,Drama,Gardening,Arts and Humanities,History or Culture,Arts,Political Leader,Healthcare,Creative,Entertainment,Social Studies
History,Debate,Reading,Engineering,Environment,Mathematics,Entrepreneur,Climate Change,Problem-solving,Technology,Engineering
Geography,Sports,Writing,Medicine,Social Issues,Science,Scientist,Equality and Diversity,Leadership,Healthcare,Medicine
Economics,Coding,Cooking,Business,Health,Arts,Artist,Animal Welfare,Communication,Education,Business
Literature,Drama,Photography,Arts and Humanities,Environment,Science,Athlete,Equality and Diversity,Technical,Fashion and Design,Arts and Humanities
Music,Sports,Gardening,Engineering,History or Culture,Social Studies,Political Leader,Climate Change,Problem-solving,Entertainment,Engineering
Psychology,Debate,Reading,Engineering,Environment,Mathematics,Entrepreneur,Climate Change,Problem-solving,Technology,Engineering
Sociology,Sports,Writing,Medicine,Social Issues,Science,Scientist,Equality and Diversity,Leadership,Healthcare,Medicine
Anthropology,Coding,Cooking,Business,Health,Arts,Artist,Animal Welfare,Communication,Education,Business
Philosophy,Drama,Photography,Arts and Humanities,Environment,Science,Athlete,Equality and Diversity,Technical,Fashion and Design,Arts and Humanities
Film Studies,Sports,Gardening,Engineering,History or Culture,Social Studies,Political Leader,Climate Change,Problem-solving,Entertainment,Engineering
Computer Science,Debate,Reading,Engineering,Environment,Mathematics,Entrepreneur,Climate Change,Problem-solving,Technology,Engineering
Business Studies,Sports,Writing,Medicine,Social Issues,Science,Scientist,Equality and Diversity,Leadership,Healthcare,Medicine
Marketing,Coding,Cooking,Business,Health,Arts,Artist,Animal Welfare,Communication,Education,Business
Communication Studies,Drama,Photography,Arts and Humanities,Environment,Science,Athlete,Equality and Diversity,Technical,Fashion and Design,Arts and Humanities
Dance,Sports,Gardening,Engineering,History or Culture,Social Studies,Political Leader,Climate Change,Problem-solving,Entertainment,Engineering
Engineering,Debate,Reading,Engineering,Environment,Mathematics,Entrepreneur,Climate Change,Problem-solving,Technology,Engineering
Medieval Studies,Sports,Writing,Medicine,Social Issues,Science,Scientist,Equality and Diversity,Leadership,Healthcare,Medicine
Archeology,Coding,Cooking,Business,Health,Arts,Artist,Animal Welfare,Communication,Education,Business
Criminology,Drama,Photography,Arts and Humanities,Environment,Science,Athlete,Equality and Diversity,Technical,Fashion and Design,Arts and Humanities
International Relations,Sports,Gardening,Engineering,History or Culture,Social Studies,Political Leader,Climate Change,Problem-solving,Entertainment,Engineering
Linguistics,Debate,Reading,Engineering,Environment,Mathematics,Entrepreneur,Climate Change,Problem-solving,Technology,Engineering
Law,Sports,Writing,Medicine,Social Issues,Science,Scientist,Equality and Diversity,Leadership,Healthcare,Medicine
Physics,Drama,Reading,Engineering,Technology,Mathematics,Scientist,Climate Change,Problem-solving,Technology,Engineering
Chemistry,Debate,Writing,Medicine,Environment,Science,Entrepreneur,Equality and Diversity,Leadership,Healthcare,Medicine
Political Science,Science,Cooking,Business,Health,Languages,Artist,Animal Welfare,Communication,Education,Business
French,Coding,Photography,Arts and Humanities,Social Issues,Social Studies,Athlete,Education,Technical,Fashion and Design,Arts and Humanities
Biology,Drama,Gardening,Arts and Humanities,History or Culture,Arts,Political Leader,Healthcare,Creative,Entertainment,Social Studies
Geology,Debate,Reading,Engineering,Environment,Mathematics,Entrepreneur,Climate Change,Problem-solving,Technology,Engineering
Sanskrit,Sports,Writing,Medicine,Social Issues,Science,Scientist,Equality and Diversity,Leadership,Healthcare,Medicine
Italian,Coding,Cooking,Business,Health,Arts,Artist,Animal Welfare,Communication,Education,Business
Music History,Drama,Photography,Arts and Humanities,Environment,Science,Athlete,Equality and Diversity,Technical,Fashion and Design,Arts and Humanities
Dance History,Sports,Gardening,Engineering,History or Culture,Social Studies,Political Leader,Climate Change,Problem-solving,Entertainment,Engineering
Statistics,Debate,Reading,Engineering,Environment,Mathematics,Entrepreneur,Climate Change,Problem-solving,Technology,Engineering
Astrophysics,Sports,Writing,Medicine,Social Issues,Science,Scientist,Equality and Diversity,Leadership,Healthcare,Medicine
Microbiology,Coding,Cooking,Business,Health,Arts,Artist,Animal Welfare,Communication,Education,Business
Psychiatry,Drama,Photography,Arts and Humanities,Environment,Science,Athlete,Equality and Diversity,Technical,Fashion and Design,Arts and Humanities
Environmental Science,Sports,Gardening,Engineering,History or Culture,Social Studies,Political Leader,Climate Change,Problem-solving,Entertainment,Engineering
Zoology,Debate,Reading,Engineering,Environment,Mathematics,Entrepreneur,Climate Change,Problem-solving,Technology,Engineering
Oceanography,Sports,Writing,Medicine,Social Issues,Science,Scientist,Equality and Diversity,Leadership,Healthcare,Medicine
Astronomy,Coding,Cooking,Business,Health,Arts,Artist,Animal Welfare,Communication,Education,Business
Film Production,Drama,Photography,Arts and Humanities,Environment,Science,Athlete,Equality and Diversity,Technical,Fashion and Design,Arts and Humanities
Media Studies,Sports,Gardening,Engineering,History or Culture,Social Studies,Political Leader,Climate Change,Problem-solving,Entertainment,Engineering
Materials Science,Debate,Reading,Engineering,Environment,Mathematics,Entrepreneur,Climate Change,Problem-solving,Technology,Engineering
Neuroscience,Sports,Writing,Medicine,Social Issues,Science,Scientist,Equality and Diversity,Leadership,Healthcare,Medicine
Philology,Coding,Cooking,Business,Health,Arts,Artist,Animal Welfare,Communication,Education,Business
Islamic Studies,Drama,Photography,Arts and Humanities,Environment,Science,Athlete,Equality and Diversity,Technical,Fashion and Design,Arts and Humanities
Architectural History,Sports,Gardening,Engineering,History or Culture,Social Studies,Political Leader,Climate Change,Problem-solving,Entertainment,Engineering
Cultural Anthropology,Debate,Reading,Engineering,Environment,Mathematics,Entrepreneur,Climate Change,Problem-solving,Technology,Engineering
Criminal Justice,Sports,Writing,Medicine,Social Issues,Science,Scientist,Equality and Diversity,Leadership,Healthcare,Medicine
Astrophysics,Sports,Reading,Engineering,Technology,Mathematics,Scientist,Climate Change,Problem-solving,Technology,Engineering
Chemistry,Debate,Writing,Medicine,Environment,Science,Entrepreneur,Equality and Diversity,Leadership,Healthcare,Medicine
Political Science,Science,Cooking,Business,Health,Languages,Artist,Animal Welfare,Communication,Education,Business
French,Coding,Photography,Arts and Humanities,Social Issues,Social Studies,Athlete,Education,Technical,Fashion and Design,Arts and Humanities
Biology,Drama,Gardening,Arts and Humanities,History or Culture,Arts,Political Leader,Healthcare,Creative,Entertainment,Social Studies
Geology,Debate,Reading,Engineering,Environment,Mathematics,Entrepreneur,Climate Change,Problem-solving,Technology,Engineering
Sanskrit,Sports,Writing,Medicine,Social Issues,Science,Scientist,Equality and Diversity,Leadership,Healthcare,Medicine
Italian,Coding,Cooking,Business,Health,Arts,Artist,Animal Welfare,Communication,Education,Business
Music History,Drama,Photography,Arts and Humanities,Environment,Science,Athlete,Equality and Diversity,Technical,Fashion and Design,Arts and Humanities
Dance History,Sports,Gardening,Engineering,History or Culture,Social Studies,Political Leader,Climate Change,Problem-solving,Entertainment,Engineering
Statistics,Debate,Reading,Engineering,Environment,Mathematics,Entrepreneur,Climate Change,Problem-solving,Technology,Engineering
Astrophysics,Sports,Writing,Medicine,Social Issues,Science,Scientist,Equality and Diversity,Leadership,Healthcare,Medicine
Microbiology,Coding,Cooking,Business,Health,Arts,Artist,Animal Welfare,Communication,Education,Business
Psychiatry,Drama,Photography,Arts and Humanities,Environment,Science,Athlete,Equality and Diversity,Technical,Fashion and Design,Arts and Humanities
Environmental Science,Sports,Gardening,Engineering,History or Culture,Social Studies,Political Leader,Climate Change,Problem-solving,Entertainment,Engineering
Zoology,Debate,Reading,Engineering,Environment,Mathematics,Entrepreneur,Climate Change,Problem-solving,Technology,Engineering
Oceanography,Sports,Writing,Medicine,Social Issues,Science,Scientist,Equality and Diversity,Leadership,Healthcare,Medicine
Astronomy,Coding,Cooking,Business,Health,Arts,Artist,Animal Welfare,Communication,Education,Business
Film Production,Drama,Photography,Arts and Humanities,Environment,Science,Athlete,Equality and Diversity,Technical,Fashion and Design,Arts and Humanities
Media Studies,Sports,Gardening,Engineering,History or Culture,Social Studies,Political Leader,Climate Change,Problem-solving,Entertainment,Engineering
Materials Science,Debate,Reading,Engineering,Environment,Mathematics,Entrepreneur,Climate Change,Problem-solving,Technology,Engineering
Neuroscience,Sports,Writing,Medicine,Social Issues,Science,Scientist,Equality and Diversity,Leadership,Healthcare,Medicine
Philology,Coding,Cooking,Business,Health,Arts,Artist,Animal Welfare,Communication,Education,Business
Islamic Studies,Drama,Photography,Arts and Humanities,Environment,Science,Athlete,Equality and Diversity,Technical,Fashion and Design,Arts and Humanities
Architectural History,Sports,Gardening,Engineering,History or Culture,Social Studies,Political Leader,Climate Change,Problem-solving,Entertainment,Engineering
Cultural Anthropology,Debate,Reading,Engineering,Environment,Mathematics,Entrepreneur,Climate Change,Problem-solving,Technology,Engineering
Criminal Justice,Sports,Writing,Medicine,Social Issues,Science,Scientist,Equality and Diversity,Leadership,Healthcare,Medicine
Physics,Debate,Reading,Engineering,Technology,Mathematics,Scientist,Climate Change,Problem-solving,Technology,Engineering
Literature,Sports,Writing,Medicine,Environment,Science,Entrepreneur,Equality and Diversity,Leadership,Healthcare,Medicine
Anthropology,Science,Cooking,Business,Health,Languages,Artist,Animal Welfare,Communication,Education,Business
Spanish,Coding,Photography,Arts and Humanities,Social Issues,Social Studies,Athlete,Education,Technical,Fashion and Design,Arts and Humanities
Ecology,Drama,Gardening,Arts and Humanities,History or Culture,Arts,Political Leader,Healthcare,Creative,Entertainment,Social Studies
Botany,Debate,Reading,Engineering,Environment,Mathematics,Entrepreneur,Climate Change,Problem-solving,Technology,Engineering
Psychology,Sports,Writing,Medicine,Social Issues,Science,Scientist,Equality and Diversity,Leadership,Healthcare,Medicine
Japanese,Coding,Cooking,Business,Health,Arts,Artist,Animal Welfare,Communication,Education,Business
Art History,Drama,Photography,Arts and Humanities,Environment,Science,Athlete,Equality and Diversity,Technical,Fashion and Design,Arts and Humanities
Music Theory,Sports,Gardening,Engineering,History or Culture,Social Studies,Political Leader,Climate Change,Problem-solving,Entertainment,Engineering
Computer Programming,Debate,Reading,Engineering,Environment,Mathematics,Entrepreneur,Climate Change,Problem-solving,Technology,Engineering
Astrobiology,Sports,Writing,Medicine,Social Issues,Science,Scientist,Equality and Diversity,Leadership,Healthcare,Medicine
Microeconomics,Coding,Cooking,Business,Health,Arts,Artist,Animal Welfare,Communication,Education,Business
Art Therapy,Drama,Photography,Arts and Humanities,Environment,Science,Athlete,Equality and Diversity,Technical,Fashion and Design,Arts and Humanities
Geography,Sports,Gardening,Engineering,History or Culture,Social Studies,Political Leader,Climate Change,Problem-solving,Entertainment,Engineering
Ethnomusicology,Debate,Reading,Engineering,Environment,Mathematics,Entrepreneur,Climate Change,Problem-solving,Technology,Engineering
Marine Biology,Sports,Writing,Medicine,Social Issues,Science,Scientist,Equality and Diversity,Leadership,Healthcare,Medicine
Business Ethics,Coding,Cooking,Business,Health,Arts,Artist,Animal Welfare,Communication,Education,Business
Linguistic Anthropology,Drama,Photography,Arts and Humanities,Environment,Science,Athlete,Equality and Diversity,Technical,Fashion and Design,Arts and Humanities
Sculpture,Sports,Gardening,Engineering,History or Culture,Social Studies,Political Leader,Climate Change,Problem-solving,Entertainment,Engineering
Environmental Engineering,Debate,Reading,Engineering,Environment,Mathematics,Entrepreneur,Climate Change,Problem-solving,Technology,Engineering
Nutrition Science,Sports,Writing,Medicine,Social Issues,Science,Scientist,Equality and Diversity,Leadership,Healthcare,Medicine
Fashion Design,Coding,Cooking,Business,Health,Arts,Artist,Animal Welfare,Communication,Education,Business
World History,Drama,Photography,Arts and Humanities,Environment,Science,Athlete,Equality and Diversity,Technical,Fashion and Design,Arts and Humanities
Urban Planning,Sports,Gardening,Engineering,History or Culture,Social Studies,Political Leader,Climate Change,Problem-solving,Entertainment,Engineering
Developmental Psychology,Debate,Reading,Engineering,Environment,Mathematics,Entrepreneur,Climate Change,Problem-solving,Technology,Engineering
Criminal Law,Sports,Writing,Medicine,Social Issues,Science,Scientist,Equality and Diversity,Leadership,Healthcare,Medicine
Astrophysics,Drama,Reading,Engineering,Technology,Mathematics,Scientist,Climate Change,Problem-solving,Technology,Engineering
Chemistry,Sports,Writing,Medicine,Environment,Science,Entrepreneur,Equality and Diversity,Leadership,Healthcare,Medicine
Political Science,Debate,Cooking,Business,Health,Languages,Artist,Animal Welfare,Communication,Education,Business
French,Coding,Gardening,Arts and Humanities,Social Issues,Social Studies,Athlete,Education,Technical,Fashion and Design,Arts and Humanities
Biology,Drama,Photography,Arts and Humanities,History or Culture,Arts,Political Leader,Healthcare,Creative,Entertainment,Social Studies
Geology,Sports,Reading,Engineering,Environment,Mathematics,Entrepreneur,Climate Change,Problem-solving,Technology,Engineering
Sanskrit,Debate,Writing,Medicine,Social Issues,Science,Scientist,Equality and Diversity,Leadership,Healthcare,Medicine
Italian,Coding,Cooking,Business,Health,Arts,Artist,Animal Welfare,Communication,Education,Business
Music History,Drama,Gardening,Arts and Humanities,Environment,Science,Athlete,Equality and Diversity,Technical,Fashion and Design,Arts and Humanities
Dance History,Sports,Photography,Arts and Humanities,History or Culture,Social Studies,Political Leader,Climate Change,Problem-solving,Entertainment,Engineering
Statistics,Debate,Cooking,Business,Health,Languages,Artist,Animal Welfare,Communication,Education,Business
Astrophysics,Sports,Gardening,Engineering,History or Culture,Arts,Political Leader,Healthcare,Creative,Entertainment,Social Studies
Microbiology,Coding,Photography,Arts and Humanities,Social Issues,Social Studies,Athlete,Education,Technical,Fashion and Design,Arts and Humanities
Psychiatry,Drama,Reading,Engineering,Environment,Mathematics,Entrepreneur,Climate Change,Problem-solving,Technology,Engineering
Environmental Science,Sports,Writing,Medicine,Environment,Science,Scientist,Equality and Diversity,Leadership,Healthcare,Medicine
Zoology,Coding,Cooking,Business,Health,Arts,Artist,Animal Welfare,Communication,Education,Business
Oceanography,Drama,Photography,Arts and Humanities,Environment,Science,Athlete,Equality and Diversity,Technical,Fashion and Design,Arts and Humanities
Astronomy,Sports,Gardening,Engineering,History or Culture,Arts,Political Leader,Healthcare,Creative,Entertainment,Social Studies
Film Production,Debate,Reading,Engineering,Environment,Mathematics,Entrepreneur,Climate Change,Problem-solving,Technology,Engineering
Media Studies,Sports,Cooking,Business,Health,Languages,Artist,Animal Welfare,Communication,Education,Business
Materials Science,Coding,Writing,Medicine,Social Issues,Science,Scientist,Equality and Diversity,Leadership,Healthcare,Medicine
Neuroscience,Drama,Gardening,Arts and Humanities,History or Culture,Arts,Political Leader,Healthcare,Creative,Entertainment,Social Studies
Philology,Debate,Photography,Arts and Humanities,Environment,Science,Athlete,Equality and Diversity,Technical,Fashion and Design,Arts and Humanities
Islamic Studies,Sports,Reading,Engineering,History or Culture,Arts,Political Leader,Healthcare,Creative,Entertainment,Social Studies
Architectural History,Coding,Writing,Medicine,Environment,Science,Scientist,Equality and Diversity,Leadership,Healthcare,Medicine
Cultural Anthropology,Drama,Cooking,Business,Health,Languages,Artist,Animal Welfare,Communication,Education,Business
Criminal Justice,Debate,Photography,Arts and Humanities,Social Issues,Social Studies,Athlete,Education,Technical,Fashion and Design,Arts and Humanities
International Relations,Sports,Gardening,Engineering,History or Culture,Arts,Political Leader,Healthcare,Creative,Entertainment,Social Studies
Linguistics,Coding,Reading,Engineering,Environment,Mathematics,Entrepreneur,Climate Change,Problem-solving,Technology,Engineering
Law,Drama,Writing,Medicine,Social Issues,Science,Scientist,Equality and Diversity,Leadership,Healthcare,Medicine




